periods,kuipMetricBaseline,kuipMetricRolling
6.440543988407577,0.0876480936653416,0.12245003989203262
6.440881685616495,0.08915539424749189,0.052251553980123794
6.697516052264825,0.06802306261840742,0.08040748693336237
6.6979517054693405,0.0729050600635589,0.06405435274099018
6.798861332325413,0.061509498314849975,0.07583170715755702
6.798980638906523,0.059059089953073296,0.03544156083315475
6.799338583774311,0.054643528879683656,0.08199768036955196
6.814784929016384,0.06988784069951563,0.08162836917219529
6.815792292365541,0.06840919589125782,0.06901484675603292
6.850516384303711,0.0645206909535806,0.09687792595197653
6.85968076059016,0.1082853952842199,0.0675504831331911
6.860052806553878,0.113428382109758,0.07430893149998646
6.9619744818864975,0.0896049860405086,0.0658217674393955
6.962092584858787,0.0873574659972926,0.049485097107786646
7.01359947024398,0.0608371390545307,0.05509339109099476
7.096338210302043,0.059236007488399633,0.04938324154319412
7.09770504828673,0.06291698205290451,0.13752090760986369
7.097978479070668,0.061897703268877835,0.10172699987501954
7.264040419209452,0.05049225165066879,0.09867109070229296
7.265687515885205,0.057408694013162065,0.06374811211972059
7.3135311353740144,0.05741619161492606,0.08740915506859614
7.396597209607213,0.048215364824386486,0.10335465800840499
7.396867426011614,0.04401106864566781,0.0957976844398657
7.418260467827878,0.07370438702075818,0.07942477624661481
7.507349597003711,0.06164017087760443,0.07108674497087031
7.510715848546348,0.056009766306727965,0.09303993604442051
7.510868931709606,0.05538872207006934,0.07542990272848063
7.561337770484946,0.05749714110945027,0.1063821366678867
7.562163641467018,0.05810345381219459,0.11825070077038202
7.583966760664075,0.07257604829559722,0.0778913382519415
7.585121740126629,0.08379455461265689,0.08181088803187447
7.771232648411658,0.0496593548695442,0.06993263399868876
8.2295737593928,0.05999737314184922,0.052908101931669574
8.230209043529774,0.06446629893428202,0.07277647134802007
8.230632620780481,0.06898598836479353,0.0861983100050802
8.946288794748883,0.05945303848531799,0.06304005420917985
9.04514596459152,0.07741437457514394,0.06022470957660392
9.046256187980834,0.07756102651558178,0.06704373763781143
9.295581891796113,0.08306267711582987,0.08586570353127271
9.504810180220314,0.046359561334773786,0.08565982350644731
9.505029999018369,0.04803904146570203,0.08971734343358725
9.505249827984205,0.04915588126882575,0.0823059019564229
9.510608912124216,0.05893784128618909,0.08750146711538054
9.81976667252314,0.05400241407267406,0.08651829383773396
9.821768220354947,0.061495627522669793,0.06941090698022157
9.822519011168724,0.057878719897252406,0.060659243252355666
9.853288998864247,0.04695174062783801,0.05626211301834583
9.86619965101428,0.044861043022796906,0.08357952222124662
9.86749257730796,0.054083178939619184,0.07784628245567521
9.879500026151035,0.0752849802433238,0.07725908323581011
9.88114499063426,0.07769631595518736,0.09057406409453761
10.072468794838349,0.08198987598314283,0.09247415741180454
10.090746642669709,0.07602261902395255,0.10829993189263987
10.091267486510167,0.06997088233630823,0.07808843337870396
10.09178838412114,0.07124707415465498,0.07997962153979879
10.194912188137764,0.07200342696282791,0.08621334375137488
10.201422250359828,0.049822170802922006,0.08055118214965915
10.40982960657321,0.06349227688710102,0.05354777797440258
10.41009015131848,0.06364241935427499,0.08266062040687758
10.429087701465471,0.04804802144330855,0.0940031468646404
10.430623224371487,0.04778464522466447,0.08909280634158778
10.528256149026056,0.040341052773074954,0.06656764884537869
10.543597812749937,0.03415418466325437,0.0441304377881655
10.636099732859272,0.06767554333118164,0.044073472873568886
10.722414105845328,0.05781562412921479,0.0836452446506381
10.72331722489822,0.058859859352558344,0.08852447465557989
10.725425094438378,0.06090856581644914,0.07727057585058089
10.923698556786876,0.050768137567586746,0.06549021011427125
10.925738824351743,0.0663482651795767,0.04151076745706436
10.95760732338589,0.09762583680544024,0.0775539395024912
11.022306441193438,0.05407025246050312,0.07906745963012457
11.02946852230918,0.05902397481759819,0.06237860660734937
11.029780128281908,0.06014022353174672,0.0671453775078234
11.158374659315648,0.057612366847413915,0.06444660800898223
11.199977902536151,0.07251835511802507,0.051734301503475126
11.200301668579964,0.07106793685001211,0.10055835138495384
11.20830462568341,0.08340530431424154,0.0544079570677925
11.213659021854632,0.08415910999410608,0.06112190449897609
11.213829666020056,0.08536956158032379,0.058729199726637676
11.2161494743222,0.08408982885136604,0.03874876494661775
11.31118064677268,0.05323617269021996,0.05335425370103128
11.313100153944116,0.05196873477583349,0.0589781336555788
11.51239180490712,0.07550655793146685,0.050045336100472626
11.513036185086914,0.07093644105901997,0.04921623467940958
11.846364742239524,0.05024051479159827,0.07346481338264703
11.847040467488064,0.05340333983339912,0.07453344424249508
11.85244904590119,0.072740460333825,0.07683052680495603
11.927805146474752,0.10258440391856975,0.06521363331627678
11.928496709462866,0.1064035496403804,0.08235808233691543
11.928842521029926,0.10842399100962327,0.07264768369506153
12.087112451444073,0.057597849405813084,0.06945201883142377
12.087467592243868,0.05620675612767259,0.06946742839362086
12.088533139870288,0.052182048563463757,0.0703460119388224
12.246015215886397,0.06821206452688316,0.07005714406097019
12.2464923177598,0.06857878469162604,0.06245742161210664
12.248878384868762,0.05917687758481388,0.06144896902243091
12.302876836872096,0.03763431580121515,0.061483970291905055
12.304154197494784,0.03582716368837846,0.05543429516386497
12.308413982572574,0.0409604497622047,0.06706715024861615
12.397988325042126,0.06264755600133014,0.0688844618921301
12.516476662971092,0.05800028303825466,0.05472834684633188
12.567227212626936,0.06876979929613636,0.05681977141805182
12.567672701634992,0.06872984280627847,0.05840134284390974
12.575696908059744,0.04599208168283433,0.066432086300719
12.587086116590056,0.05567650842127159,0.06467743438053354
12.738624496986905,0.0658209338830894,0.04625532482345862
13.011312438449194,0.0841104658039439,0.05692102460336232
13.014444002064709,0.09238109327567559,0.08361614296071887
13.015786562256691,0.08881005393136965,0.08935348831293533
13.302282815657271,0.054701220115872806,0.09765167862296892
13.302713376271225,0.056035025044830364,0.11622845304900992
13.367880172656584,0.05695228058789602,0.0725748114446565
13.53571299432182,0.07578798752863797,0.06931521678940986
13.536157303052615,0.07713441242820379,0.06760687122472697
13.537490404275031,0.07756352011194069,0.05793516930031514
13.549777230679,0.0740411759454071,0.07325878805936548
13.566330425889152,0.05665335494415219,0.0569039130132184
13.56812238337182,0.0611451566014162,0.06584579946737004
13.60738673827512,0.09698375046161226,0.07289662170154354
13.608737119810352,0.10157921502404761,0.07015186089402436
13.609187306550876,0.10118327389605442,0.07607756972839455
13.771955286734482,0.08483085950530622,0.06996774703733005
13.776329138122868,0.0886272153350976,0.06639858965553286
13.77876025622654,0.08719811659578947,0.05982351206491293
13.816290158556471,0.08992904343157804,0.08460530441353964
13.819231874001382,0.08275444856812897,0.09280004691543624
13.82070320152856,0.07879059401354148,0.0999027112965225
13.926747802808451,0.0924439755279895,0.12688727117184134
13.927682635096422,0.0932223132234739,0.1366714520152335
14.36670374381468,0.07319969500806345,0.13987298088398575
14.37032172482213,0.07448372371873602,0.13485133328691534
14.37342430206686,0.06854804046697349,0.1345300948186199
14.53233425092468,0.042750431186595717,0.11559145934115178
14.579585875647435,0.10053842579637262,0.10871382859770123
14.584232059705997,0.1008977051646307,0.10696533099397543
14.585264947228254,0.10121867867696921,0.06414712923952981
14.59680517888361,0.12037125066820645,0.06157261040748385
14.625728588145426,0.13276053565560753,0.055516492217293545
14.627533876124424,0.1264238403548389,0.053851339365021955
14.726404373297756,0.058940440332371336,0.051951521211430596
14.72751673846806,0.060672365273195895,0.05913805573452391
14.78422282679484,0.06934393615444669,0.04896450974629497
14.794093562123148,0.06116836323017161,0.04208053865179423
14.794710920731832,0.05978197521136536,0.05233359357623313
14.796510494272006,0.06053692945570788,0.058408115365667604
14.826463293570503,0.06777716151500715,0.06640185308983383
14.827560123626212,0.06426260412886897,0.06353507396018782
14.843189953292931,0.06668051641613498,0.06626589870382496
14.843720328718897,0.06563184969361752,0.05169789272635561
14.94415414225064,0.05175733495132584,0.07716284933111585
14.945309776234463,0.053837605825139745,0.08715889535368798
14.94704356236923,0.05239075977778297,0.08992210998713479
14.977997545868137,0.06290455978329806,0.09159889706962343
14.998577399641192,0.07059873496655544,0.09131309833980235
15.001847168183264,0.07187339559471823,0.09627498337587445
15.002937407865508,0.06473898652596094,0.07228937036190022
15.021123129205098,0.05286539808341856,0.07814709582023516
15.024953938555155,0.05044255538709418,0.07669684607212612
15.25232174583831,0.05367248536845184,0.11337849292614569
15.25829782176458,0.05607491025912627,0.12260320457607272
15.33432716220569,0.05377493638748887,0.12031564418870645
15.335466255258542,0.0558338484121797,0.1168433772035107
15.337175212184052,0.05699456163071037,0.11491248450149208
15.357983014151731,0.0731142141963485,0.11142801706611183
15.359128356470723,0.07188448190201097,0.11551174686785903
15.359701091694197,0.07092510374441427,0.10518584492703417
15.413589277447414,0.07981129032232948,0.10573630318765506
15.416029558607802,0.07711674510631754,0.0993252679612261
15.41908099687032,0.0730435339477448,0.0943810481698093
15.447479264132584,0.040765209282206005,0.09203240093182931
15.44871913404925,0.043485059427796346,0.08549496624041067
15.449339143647872,0.04119297637218111,0.08381595150751059
15.471295457497176,0.05400864569053321,0.05682539333269406
15.479744548029691,0.0595120559423058,0.06640660491677164
15.48494857676301,0.0585513606820153,0.05762379931755075
15.781907924822988,0.08158383357926954,0.06068575659829534
15.78251251925724,0.08182993454596232,0.04791949875222268
15.785536186409969,0.07636004654172013,0.04768050451713313
15.981207840683634,0.062393881072127164,0.04977548786915975
15.982461737945831,0.06412865523597266,0.051995537975218165
15.991872242938362,0.06494556730087109,0.053438375530779625
16.009721837549645,0.06288102638264735,0.05366582347620969
16.01596238073847,0.06706752083391646,0.04948132705635655
16.017211073232705,0.06803973914924855,0.049891455864507606
16.135148853209135,0.04724018770214731,0.05031619798239606
16.22131004627443,0.04753637255980031,0.0469900958131573
16.221310046274432,0.04753637255978155,0.04379605580580398
16.221984049553836,0.04412502951209285,0.05806908605740002
16.266971316742055,0.07746174090367565,0.07103274481490537
16.27039496271985,0.07743695495940406,0.06071574136306712
16.403372110033285,0.0607495880982995,0.0647110658940141
16.40533449239101,0.06359978406417452,0.060165088505044206
16.40598872418793,0.06295993958646155,0.054617302519177846
16.57959113109508,0.07418914494888199,0.05995964717092983
16.637119697727,0.05889836861130132,0.06150175180434708
16.638622034797862,0.057445469714144645,0.06226902838389414
16.77760407966459,0.05321208443455977,0.06802477590765116
16.781001058698855,0.05407060699403582,0.06666032615376993
16.797325724761382,0.05865312118422956,0.06884855643498655
17.17278382690609,0.053144677025860065,0.05956013468749742
17.178534474909682,0.05440049184781738,0.07771738858506488
17.17925357672567,0.052578479140503676,0.08686805915937952
17.521509746198372,0.0635165349846542,0.08333552884517992
17.524498199555563,0.06388688896284492,0.1038982288776526
17.525245472185397,0.0628149722097827,0.09982626883665247
17.890598779838147,0.05680528958017511,0.1034631555123601
17.892336021603292,0.05499132744243077,0.10774689016556893
18.031325257643918,0.0543369831143327,0.11206623460412135
18.03224499803009,0.05154937438479876,0.11026460679726591
18.040526885708857,0.044920929583256,0.11031372594384553
18.08997994914678,0.05706960915398385,0.11680779838912653
18.20144481932165,0.11470069445475878,0.11680952932727268
18.207267034225065,0.1251621995203394,0.10618551129947837
18.41158323611159,0.04669890362099761,0.10122331341679686
18.5499606422594,0.07041863112905478,0.08635236679424685
18.698439535822448,0.09304590731104828,0.09095236047562483
18.81970426568241,0.08233287495739738,0.08552394846304712
18.86333994483537,0.05762819082491588,0.0856003121891975
18.877544493462747,0.05542453961329491,0.08460613281844975
18.980195917997904,0.05872225395251002,0.09242496379416601
19.28840640069493,0.05680047157449275,0.09372917377329525
19.435645208223225,0.0622192879307438,0.08769118881390317
19.761663237307356,0.12066287891923974,0.09143734344150078
20.49286738026067,0.08459110376997969,0.08969030599788316
21.0589870899947,0.039637399085509895,0.09498992617223843
21.063336856720785,0.04369649021910543,0.10924067018062694
21.07846479530027,0.04749752829964037,0.11494383733497963
21.78345251504535,0.04487271758237035,0.11657762364765056
21.79155712344903,0.04765099754751273,0.12195085379404816
21.796191036485823,0.05518907979535185,0.11981591511784528
22.615706485061096,0.06534931650875853,0.11830371418202323
22.622031911766683,0.05847829083043152,0.1206316811007072
23.067094832974,0.08636795863462254,0.11931274679667703
23.16132121007029,0.0799836951540604,0.12059823594741371
23.568142253243423,0.07152393264070261,0.11542359431236743
23.70431957697071,0.05291725406905545,0.11079041846301535
23.707044705520914,0.05779564691986279,0.10828521246407126
24.033427474036884,0.052093332098653466,0.09654449742599353
24.48825566435668,0.060994747297506535,0.09613739739339297
24.669744373114487,0.08156368603211558,0.06651825177413273
24.73637423334677,0.05831115087708194,0.06402933845421566
24.7677805596396,0.05326249087338719,0.055167046016115634
24.79349269411808,0.06324042160209206,0.05127578407399314
24.79497260605739,0.06151853256292576,0.05120562753979702
25.03336780276014,0.09748178748085196,0.04872958978488939
25.08350923919368,0.07299055817076971,0.04433333977777451
25.21328459773446,0.09784344468427664,0.0476545572431778
25.266968847392477,0.07140990338503148,0.047157012986094815
25.26972804889668,0.07092495230836687,0.04681745837249984
26.159471318070494,0.04484858183800744,0.05088399839219043
26.256994519289787,0.05869561578367666,0.05679602893718169
26.28962836829781,0.06922947416487346,0.06367064896396357
26.359244085643635,0.07037681792207219,0.0675492942334475
26.45694213912008,0.05789435432748926,0.0666766863432169
26.460440916087755,0.05637882044251041,0.07095343979644375
26.5028725621038,0.057600895370654104,0.06736737684536642
26.661879054432195,0.07500580801935897,0.07204594419752795
26.72421027779361,0.061594813256401426,0.07048682144056091
27.14588831663233,0.059084039069971894,0.07270793652263038
27.179513370622196,0.06422202971563387,0.07087400161853126
27.183953758146927,0.06416980008285067,0.07700776800049863
27.185205432487628,0.06621854450978937,0.07738864864954606
27.190899878969343,0.06242191920212446,0.06800712089083788
27.2363091676258,0.07202136353880184,0.07495692400507063
27.320140293986825,0.148414338126299,0.057784492114246744
27.36608698647,0.0879172370706714,0.05888991543150385
27.61599679392968,0.05524291621421146,0.06233326244635473
27.701028213677557,0.07524556935676863,0.061984898070595484
27.707276913392764,0.0745735194251077,0.06373504929757068
27.778414699918272,0.07951502256231738,0.06464466697192134
27.841365871149748,0.0894509557334156,0.06425194149000724
27.903453389991583,0.06787404941055203,0.06442823645384976
27.968113639167083,0.07401039213736521,0.06970918992334935
28.08862825185633,0.07965996972537068,0.06718979951480142
28.1913717106488,0.05006253007453032,0.06521267202604175
28.22067284730201,0.06958583717306971,0.06478908293337765
28.4033958260364,0.09081528267292882,0.05922312791829099
29.0583684815066,0.036075783963894784,0.05462097247145822
29.22077010977738,0.07873746082538105,0.05838300856599837
29.468775198879506,0.07402931670590551,0.05812063981696364
29.47523517315384,0.0720525222364876,0.05716905082924838
29.801626865483342,0.05225538983886846,0.05200705729292898
29.860248241606488,0.06366687172382668,0.05404960244806896
29.957214124065032,0.0727565911452254,0.05037468739937345
30.047773632300217,0.07577101197953273,0.05051153077422843
30.152980468681815,0.06661511536744363,0.04818100262278591
30.33185765775057,0.0782443317321162,0.0462237972977165
30.37989242319717,0.07149142791197283,0.04627262385054909
30.41800234942015,0.07725205335353028,0.046335740278616255
30.49145181769348,0.04478303062585076,0.04493763492672173
30.610739562934526,0.05253021371989236,0.05472081781628946
30.75921375427416,0.07120520848616385,0.061759885517137625
30.821778389357025,0.07389195703904078,0.06297626880422769
30.86059621214872,0.06171747718280432,0.06244131093339307
30.89205079538598,0.04222014517163636,0.06296004433129043
31.319750084422395,0.06361618581442924,0.07126179613898184
31.36422361666809,0.059974866574090416,0.06444989994852773
31.42279173169533,0.07480928259259918,0.06352049192388248
31.43478275815188,0.06353616548160335,0.06009419355097173
31.52553050353113,0.08886647546722515,0.04775655683464436
31.59576048471361,0.0667049019005515,0.0512559661510191
31.609243523824595,0.06541415993940657,0.061729501596961396
31.709177114109277,0.06053254415093534,0.06450447297171276
31.762912611590348,0.053197200512064224,0.06817131796424242
31.76368133631982,0.05309266952227809,0.07194532106601909
32.00489208170485,0.06357332356917694,0.07274794621927906
32.06153619275488,0.060555859925407685,0.07425000690716169
32.15776958751541,0.04882190308069945,0.05502332005116345
32.30133657579961,0.04898703767267337,0.07375987661736474
32.36034665908271,0.05402876292802594,0.07403313473599171
32.52418809124384,0.0598990726223369,0.08232586750297055
32.55914165234906,0.06601699753943355,0.0865401638888407
32.65408329283231,0.07484844877068339,0.0958885788216467
32.9149805043906,0.08310801319023363,0.09333757830977046
33.06661943967166,0.05870930082902347,0.12115123977614078
33.28174107870863,0.0663114460722128,0.13462499488983476
33.34152807585425,0.05459883006384031,0.13593501298063942
33.463935273235535,0.06186347445989493,0.14097744376666388
33.47086684524181,0.06603287675150532,0.14015606984246942
33.52855935683123,0.05855577797565392,0.1404113114324831
33.682924952518945,0.08107804248600725,0.1446260645707808
33.82779069475548,0.07500625579768844,0.13610654790726795
33.85067893464776,0.0755974538009612,0.13507472329888087
33.87703977715863,0.06736787012858092,0.13884170236486518
33.948426107961694,0.05186695739132363,0.14036725800730024
33.962012399979066,0.054419500776855034,0.1426470153974596
33.966639609504405,0.04870513441408647,0.12477098877748849
34.43594116090215,0.0693540543271069,0.12426710195647195
34.45379538176168,0.08526080237520894,0.12553659312907528
34.467112088919805,0.09198843935808859,0.09948169112269356
34.48137574093563,0.10030957809640206,0.09098545035817202
34.5778687466858,0.07517598907402662,0.0826547977716312
34.60729955772835,0.09295826992076461,0.07756592733812114
34.65546085970093,0.09745496107461754,0.06495950796148423
34.78703670414817,0.08320057252607194,0.06525151223036207
34.85228609904365,0.07651701022854335,0.07066745914411125
34.904383301835686,0.08840438631173868,0.07071196849068029
35.01116015577907,0.0621404526284382,0.06898985077386038
35.117767890305885,0.0777449350339593,0.07356552845997999
35.15920883604269,0.07048255200180431,0.0763017407338919
35.19412765125439,0.06796169187371676,0.06631519378431107
35.757612776632186,0.0736913797936757,0.06720699056581803
35.81329093802002,0.07168355943786858,0.06680559759375576
36.06373010016373,0.10580073477313268,0.0605257419058747
36.07993414675135,0.10390618410111202,0.05350150105939383
36.099523844233545,0.10010903088017153,0.04836403168629083
36.19815351435497,0.10045057843676647,0.05505836812483955
36.21466677617454,0.10244400667447179,0.056645834662059774
36.24737248751197,0.10207432361791025,0.056783834065719074
36.3218187164556,0.08507730557681459,0.06353038153563606
36.41213139614867,0.1021885710095426,0.06957333396251325
36.45442267202296,0.09030028207095482,0.06796787372097729
36.464663091471685,0.07846818984183446,0.06237390500693919
36.49392835145278,0.06710336748792528,0.0662644188718291
36.54933936567415,0.07702430773914459,0.0663022392140829
36.55402776831593,0.0811841968561555,0.0648184918499718
36.73295640223561,0.06495585954199562,0.05634927735454076
36.73769312602065,0.06816429358331172,0.06275005150309854
36.83654424212704,0.04796536578751892,0.06473180325483599
36.84202485919091,0.04688891733038295,0.07259473920688775
36.96018354603308,0.07362137899282761,0.08261412792036628
37.056834732576135,0.08415190931794914,0.08237795290771435
37.39662982559558,0.08360307485515928,0.07978297224855946
37.52357432088861,0.06269469749955275,0.08500888854670019
37.53919767196864,0.06261596159646203,0.08637534208299125
37.607450539854376,0.04835400737437151,0.1103790053862902
37.75576495074439,0.043023033158325064,0.10863546617915332
37.79229321957304,0.05914389904177442,0.10563567146896316
37.83880431100391,0.0638314365649515,0.09654050288692068
37.96509144330277,0.07686820447874454,0.09349194147241358
38.03007140804096,0.07923066030562448,0.09199178389786922
38.053330287901126,0.08425131073260994,0.09006932973804499
38.190251486921206,0.10648527270032274,0.08392903994201001
38.19338112130464,0.10554618728686131,0.0820830036778391
38.19431743697197,0.10540045418389155,0.06002320543165052
38.22445582553856,0.10283220696620621,0.06007833434906745
38.27288809928063,0.10145758900023019,0.062363340293101865
38.33930403067206,0.1118241304103963,0.061910979227733365
38.418401549576735,0.09491268067849268,0.06446634218777972
38.64478467440514,0.06979944960837103,0.062013500731891484
38.87337837396765,0.05309248683036677,0.06358431260727077
38.90669761191586,0.05331945070308697,0.0643796253071589
38.91874936212447,0.05328355375586806,0.06694005260824609
39.06742194407914,0.056700192701097434,0.06819615441298266
39.08733347351843,0.046747547868046774,0.07348477399598974
39.10755624213857,0.05474988803185077,0.07542323553203045
39.11514641747319,0.050201435772567055,0.08309347126929947
39.442778102081085,0.06538694464812783,0.0842040952774763
39.5286825622278,0.08970641940081978,0.08431486824061935
39.64615757918532,0.07073285919037575,0.0912430244401389
39.84018236969919,0.07481466433219675,0.10159863072859865
40.13937574099881,0.07312608484028188,0.0996589044037563
40.43679285394556,0.0905309720417716,0.10052323653571749
40.53524152795608,0.10149308220476139,0.10364233444288196
40.55155729531504,0.09813556990618866,0.10438983242976395
40.57151485597178,0.09270557881515114,0.10393838994784477
40.82060319732233,0.08109409801457358,0.10407403474457916
40.94437846749938,0.08126337080812551,0.11242926621537219
41.08342748216084,0.07346509532652057,0.10727395110089352
41.26980877373813,0.10093013071442306,0.10484638956359703
41.35300447828594,0.08795033365294949,0.1116936327412557
41.54354360431413,0.07804297220402642,0.11496131129469317
41.79885444637634,0.06549356502619985,0.1167117122861377
42.01092789069582,0.05135531380056205,0.12596683846405005
42.06251350693568,0.06354667647745177,0.1139637113202509
42.06445058531236,0.061925552002338013,0.11186228545745519
42.17220463380961,0.06337234972854819,0.120274228142638
42.24064638380974,0.04538951854003692,0.12123265317118753
42.29300289960408,0.05130521440299585,0.1213496069308142
42.50707810694016,0.07412670997472084,0.12053249457365711
42.54234428432279,0.07177150095391016,0.11315669290241992
42.70365746734094,0.10032626147721757,0.11940486396942435
43.05536031190427,0.0749547508853095,0.11495507028294828
43.07307017366581,0.07498941837790829,0.11577493277945572
43.20572062943169,0.042085944946135406,0.11253271186515806
43.28203938668061,0.04755475733703818,0.10974755827525354
43.28660460153309,0.05197849265677712,0.10960542612245283
43.50375489486214,0.06702218434654701,0.10128612101414292
43.52542539237365,0.05641765911113156,0.09741904994980272
43.64819674080872,0.06171381016103866,0.09462987154194534
43.77255099744828,0.07107765387437237,0.09746717158446597
43.78117422107992,0.06717275576977798,0.10085869687856697
43.85621286475734,0.07948335722814318,0.09876260390673022
43.872613140953135,0.07301273889964661,0.08928902523123444
43.92449869410834,0.06880385584823356,0.09017376330132937
44.10144599433341,0.07352172881652624,0.09262520958205595
44.17610724541761,0.07569008845974229,0.10118981296344673
44.26882426620893,0.07141981471907738,0.10330934343538295
44.40559986706339,0.06961241351752634,0.09883827013913299
44.450674806687694,0.05534608703542915,0.09853527521686939
44.56203877114529,0.053458926783150895,0.097676620346218
44.57016463636084,0.051662772683019165,0.09564508222034934
44.571391841307424,0.05200272623214555,0.09568016803593518
44.64127237425296,0.06377239718890415,0.09845250393484406
44.73207243857337,0.047151772905588474,0.10112519427378919
44.84295062445993,0.05999890194594569,0.10280081906397709
44.862230240057016,0.05563963601875638,0.10487966346693042
44.97786672100163,0.06563261741212634,0.10950390775302143
45.16289026409532,0.05939616846153979,0.11078074886679729
45.385865092365854,0.08852776533034873,0.11205201237030271
45.557203544338826,0.10884294527373664,0.1105948900913683
45.61494285229859,0.0982407729422135,0.11263119276810143
45.78650710600886,0.09490773648924905,0.1106347612317709
45.81780759041855,0.08354129471182875,0.12693810830876207
45.87550139950758,0.0866945137055547,0.1278045199432229
46.01548577924659,0.06938939500206656,0.1300494769099328
46.03733501659695,0.06543517993503009,0.1349602778446628
46.04170551541794,0.06389190239227249,0.13568138158945448
46.08879357178692,0.07078598726372469,0.13605663451559014
46.09349257413144,0.07194887459145971,0.13605895686003583
46.13599283203381,0.07740976408049549,0.14201859286320123
46.25769236307803,0.07603904564661826,0.14321525872344298
46.61942651161984,0.1002434003423901,0.15390349546127885
46.8324954546878,0.06640435401219524,0.16013430091017267
46.90389131836968,0.05754779916122643,0.16277622458887986
46.92003909020321,0.05918576745407164,0.17010934941838335
46.93756011789576,0.0578916797735598,0.17007045960697803
47.06468457197379,0.0569939399507392,0.17954093855937303
47.09289570680273,0.06121720113230655,0.18172827467080346
47.23878565852491,0.07671537751795643,0.18163265510834076
47.315219392119886,0.06445376108608224,0.18727388714821114
47.396742095800086,0.05748435537304701,0.18843872100693265
47.48806911714337,0.06441266922986906,0.18152582406279105
47.49145987348277,0.06098268903390977,0.19168115027218052
47.745562458898775,0.07443150882782751,0.1915340131437408
47.75015788528025,0.07706768703198014,0.1906363474482342
47.8316538971305,0.06768515839998146,0.19071059445342542
47.916361915688846,0.05325915576718354,0.19205831563272258
47.91690535177574,0.052934853914057,0.1928593914145057
48.10450240247364,0.04720303957463379,0.1958286459197799
48.12735146081701,0.05013899925405094,0.19470998617698587
48.18422690270326,0.04979774950020749,0.20479204822704863
48.226976105383365,0.055925016277118364,0.1949815210744088
48.27616108221369,0.06216914899822734,0.19483556328249085
48.30011160040764,0.05688821196092418,0.19585881323215681
48.45809678610899,0.05865573197424065,0.19175020341906562
48.59048429956849,0.06713657281359287,0.18553223920487474
48.7667324585796,0.05089706370924721,0.18082918562887756
48.85469038384748,0.04493084758084792,0.1772325797447974
48.8734072940771,0.04169495805017587,0.17807055785241588
48.887357044319785,0.04283008165536534,0.17746751814618994
48.91095768301478,0.04319032865877537,0.1776070810161366
49.0587905713052,0.04243909597131551,0.17430669227531448
49.12762671070759,0.0531036213856213,0.1737554398112361
49.27982296170106,0.0721621889222816,0.17207976685854925
49.38896332971896,0.07827615566244941,0.1734229751349374
49.44504234537362,0.08000464124479442,0.1677620225763364
49.64203323463769,0.06892239631168007,0.16475381972830144
49.67185974039175,0.06747275738533154,0.16078442888692718
49.69774713355682,0.0709826208786764,0.1619869340488359
49.86787736879207,0.07713431527583703,0.16107326424767748
49.89897393607362,0.06318692914016114,0.160604537775667
49.93158750212061,0.06928115834743548,0.15412085715437995
49.99259047631151,0.08058853785680276,0.15412831567663154
50.11091135591715,0.0836650257060064,0.15177665130845663
50.11277812802317,0.08378417682968135,0.15103227315403228
50.114211902935295,0.08376207875865631,0.15179139646610762
50.34812484414826,0.05894243178762143,0.15208302228696474
50.38723767723438,0.06355213009075732,0.14713872361257768
50.53798725272938,0.0641346858096365,0.14205671091694322
50.610387967455736,0.058286464140414884,0.1371349901048164
50.74590595566033,0.05107502799798905,0.13610899639646482
50.8207263558949,0.05152052179159827,0.13620536279246828
50.885138199592525,0.05821137043972724,0.13624716871275655
50.95993562036154,0.060103539812638496,0.13456169857617445
51.1145085536157,0.06618213766271533,0.13043081976032622
51.22048097191251,0.07312589236633371,0.12980100712244436
51.331304185414034,0.07276700218728763,0.12487140920708742
51.37186000295321,0.07082624237113341,0.11613553028578627
51.3827666852186,0.07390796677790412,0.11478674896042018
51.40501971652115,0.07357419240377916,0.11503370903729412
51.41565892328207,0.07421429482987013,0.1141076002307139
51.4345901795972,0.07229788087051658,0.11398550245074668
51.51185975429136,0.06699781448448178,0.1141378633046787
51.61794647905709,0.0640311021114294,0.11277694243081404
51.63077689609611,0.06724478071457277,0.11255143057313924
51.66667136412278,0.05957506733726278,0.10596164620296272
51.676021665930456,0.06261943742866496,0.10497571685181206
51.81598860835085,0.057023126421940074,0.09927094356060884
51.8190898457941,0.05743985403557526,0.09638627702808922
51.84975777916505,0.06361340503695305,0.08529143429960034
51.90573918466367,0.06127426094500647,0.08147288251286344
51.921580071406176,0.0659769583293216,0.07550144239360608
51.9609767770555,0.06877902119423107,0.06480613126788072
52.09293775857843,0.07275506193335768,0.06351595811815018
52.11176420223092,0.07527004233990842,0.0633482261192513
52.11925751419371,0.07667629913398508,0.0632525943623207
52.13227575467073,0.07832906317076266,0.05835487445381676
52.1608131119602,0.07928524484085323,0.05725815502072429
52.29553568597936,0.08837116567604056,0.0573398524309624
52.30199570465781,0.09016603380680094,0.05773880852248431
52.30583687649902,0.09009500602191481,0.057971425687365574
52.50329217119658,0.08076227298077596,0.057446685376863454
52.54001155806324,0.08348053117286591,0.05602317014623556
52.54665504759296,0.08740172500254545,0.048909416528818084
52.56656415465876,0.08392957448330668,0.0521371467932788
52.60568179099036,0.08467172462158884,0.048864329381541116
52.63149172572577,0.09124582759190297,0.05694484598592614
52.65008645851351,0.09484547017389966,0.051656016336178556
52.76792657696812,0.07879803804820629,0.049176679448229704
52.81007643344493,0.0777801518692765,0.05260119976662833
52.96050436150541,0.06809503910730041,0.05308590228354715
52.96945750107766,0.06403619595864507,0.05356479081700691
53.04932687335357,0.06923135971145472,0.05518204885795058
53.06314724995781,0.06860488962852435,0.0551856136523205
53.13932319434116,0.08763420691890589,0.05751294760373413
53.158319263742825,0.08509209934068518,0.06036534876882939
53.32750339959495,0.09414859942549744,0.0649905865766657
53.4068155265461,0.08903535591471556,0.06779070927198017
53.4399354542284,0.0923964091761757,0.07046647528606076
53.461434238371695,0.09964868315213815,0.0707533897367082
53.50973017181061,0.10218650717301153,0.07605062821555764
53.55320812284634,0.09351002063323405,0.08623337863828229
53.582135207595954,0.0904059669479861,0.08637249101267852
53.63929759563438,0.08402919620942595,0.08730612517659674
53.66701051614682,0.07913617744384233,0.09315643092407011
53.67829158907001,0.08243664587603443,0.09518603542152732
53.72597234771033,0.0795006561795854,0.09516194908501813
54.02682885099924,0.057107676372980226,0.09804888868649636
54.10368138439907,0.04710811329820841,0.10259420275149267
54.12778811975468,0.04511419082031724,0.1050091458991238
54.129647426762816,0.045645172073612406,0.10528596320500311
54.26738345527369,0.047566034450349653,0.10738246434329352
54.322750613057146,0.05086286590672698,0.10934213530681369
54.35928415598957,0.05038623936042057,0.10991110533651505
54.36542869997822,0.049490678683673794,0.10668290798612315
54.407263979076845,0.0457546775060912,0.10090289040989053
54.481223027763264,0.0597077544295645,0.10003181046338361
54.5565032849992,0.07914961829953493,0.10387772554380231
54.60964978187638,0.08966046850898024,0.08929564985205152
54.620352650290094,0.08984532995245391,0.08609957936399248
54.65002503975178,0.0924171229543721,0.08609448720837204
54.65024829500921,0.09225193230737133,0.08546159187170393
54.692213336750456,0.08387067470252094,0.08434807223026763
54.764121484573664,0.0753730704292626,0.0789761240807832
55.13556864052815,0.06330941928351363,0.07640681068963012
55.17943691563851,0.0687352335513925,0.07472293135524455
55.21555811619383,0.06237881088928349,0.07470630540780243
55.26691557091179,0.056884948863152304,0.07473647153072177
55.30034055694601,0.05744708057242762,0.08030375064482825
55.3106406012954,0.059392437774127504,0.08305930228145855
55.32070183097871,0.06153589965518061,0.0857179896562491
55.33818660998998,0.059999826405411405,0.08358148374458885
55.35988517505855,0.06111511483787474,0.0846334006374096
55.44352884995558,0.061001885461164584,0.07879675751143622
55.45384493364148,0.05988172675089937,0.07877050002775232
55.50222670786731,0.06874180320099511,0.07627162405336277
55.51335216630356,0.0668222817318665,0.08008352814069031
55.513967118570505,0.06658072828635082,0.08059187646498052
55.534039586229184,0.06667295955287483,0.08334015668849482
55.55610561453267,0.06620344867925697,0.08623708808967745
55.65276200603056,0.06198962051467554,0.0853111039224792
55.67810774787722,0.06430913199572164,0.07835119657231665
55.79124710471617,0.04589503872029843,0.07995842479305276
55.89174954996219,0.05439218906346177,0.08141200263514406
55.95596236855516,0.060464112972823,0.07998229476104157
55.98973264847036,0.07265330629906669,0.07732037270036651
56.11659032670733,0.07096223046254574,0.07921047808797053
56.14826675383095,0.06766607755780168,0.0780283062716986
56.21758494280712,0.08680813010857893,0.07263933401442124
56.24994359454604,0.08038399519425121,0.07699813806951923
56.33331559500588,0.06935773532703443,0.07736407420002661
56.36460153875704,0.0740255940818895,0.07515546118660545
56.44661222074784,0.07190788018876586,0.07178329604252404
56.44971757796522,0.07226863972453185,0.06551142399868994
56.59406741388323,0.08118115481829444,0.06696521703256847
56.60650786691134,0.07807889344795882,0.07112838928681067
56.664591486823504,0.07900710933036534,0.07022793247602016
56.803939881684656,0.071734957405303,0.06640699038396514
56.81272926447672,0.07106099758578166,0.06580312252643142
56.895170400591326,0.06290326767055765,0.0676319842831018
56.96339482533023,0.06054805452920797,0.06723657008368311
56.9649826528412,0.06122468275292664,0.07049582751682837
57.02043453090265,0.06651435884270374,0.07453269768451898
57.05129381211077,0.06320946244960601,0.08611799957659677
57.139678234641096,0.055780474173082115,0.0852372890019657
57.143383997153805,0.05679802704161391,0.08920713119893567
57.14505304429462,0.056626273070207414,0.09445940830904404
57.16308336408544,0.05941118999775863,0.09549372960485761
57.22501312835005,0.0556997398532702,0.09719119222150738
57.246974062256825,0.0500504674847065,0.10084704225374813
57.26577794264117,0.05317221290065047,0.10137447503517494
57.279058527001226,0.053292139832259416,0.09848346699869348
57.38269701288227,0.04696902391888094,0.09908912709915793
57.39774086057074,0.051108551407089364,0.09994414026574862
57.40484476114885,0.05007448354913707,0.0994748817254877
57.459642700462574,0.04895737376266345,0.10148713704589814
57.518347825457525,0.04734055043387342,0.10660739170401534
57.532464579264655,0.04554216500892633,0.10627088763399672
57.81020426795106,0.05979268653944647,0.10732519603062962
57.91802956009065,0.0634898816971241,0.11130539717381485
58.02028071542911,0.07054363884139009,0.11144164000146234
58.05208357221999,0.0710260640938837,0.11284160311905522
58.09292608023707,0.06516464948244077,0.1113259310120842
58.146220250832776,0.07646153914706919,0.11483814480322929
58.25608745705962,0.09400341461468642,0.11325778846806082
58.302156125688896,0.09717516929879394,0.11078504897932068
58.30679065556487,0.09757704444845008,0.10751655594005816
58.495533828464,0.10436841973209349,0.10736111407774279
58.57565762634091,0.10360816094792785,0.10881046191497007
58.66455397169931,0.08756782242187464,0.11075506546957453
58.73316044249641,0.08167449161772816,0.10886506241405172
58.761576093604994,0.07991025493461046,0.10335773569566653
58.82461371861056,0.08344156054426871,0.09617496234680559
58.86581763111084,0.0803202210486903,0.09333346364713607
58.95797464640184,0.07389712616035299,0.08237412143016848
59.09510018381137,0.0754734697066573,0.082548273606118
59.10417763884364,0.07610162654725777,0.08283203577163131
59.20600533488365,0.07430067758072073,0.07885346439624602
59.30127611603615,0.0844878679984641,0.07826085152306606
59.34240902629551,0.08321141955269623,0.07376385440890136
59.39895047542773,0.0818547504151228,0.07682508663453647
59.4490382910605,0.07375033678185378,0.07673397900125407
59.50755564877026,0.06749201631581592,0.0786398833286377
59.50788919954907,0.06730278643227416,0.08008495401890714
59.548024677840935,0.057263332570506434,0.07877725908138239
59.675825151464245,0.06170971078578508,0.07870267313773754
59.80983372427787,0.05817343092813641,0.10141322457748675
59.82126258196114,0.053957557370000186,0.11713450130536485
59.8625937287626,0.04592914169284501,0.1264306310664527
60.0041561425985,0.054680431595212686,0.14592688700205558
60.02441400889618,0.054296368316400834,0.1493687282201413
60.0482228444553,0.05494652375443959,0.16915379286925275
60.053490764556,0.056008964894078014,0.20652170349535126
60.07047137270275,0.06053230591631459,0.2476767918551539
60.08230263926819,0.06723968608222763,0.3082672004281491
60.09073871348553,0.06880087020819792,0.38946642319333213
60.1309756772278,0.0702655097631878,0.39787360913334213
60.15976022020672,0.07551965912182992,0.4393134399018191
60.19712304641488,0.07070525298450292,0.46159679436065576
60.22232487409679,0.07392358938346621,0.46493769710374927
60.250671361346825,0.07228122533517056,0.5102814622368874
60.29258603417663,0.07337264379268171,0.5102348912090046
60.3172757223671,0.07391244829283539,0.4905455491553949
60.406665802974096,0.09273436506354626,0.45823708611780517
60.45656240933709,0.0899856306575016,0.455446833395379
60.50403660108854,0.08964420770239254,0.42310619174224284
60.52684632948576,0.09453282270151003,0.3909250063812031
60.61757828042792,0.08531788358021813,0.3878209841435674
60.68771922120351,0.08718980310390005,0.3783321825567483
60.74503330820544,0.0868331526916178,0.3581920167204849
60.77668493795948,0.08472598055291136,0.34958967955507025
60.92882426308996,0.07935923692463931,0.3278681328419875
60.9576133234692,0.08132885552394292,0.30378491668486557
60.96984587600224,0.0834554952621247,0.21030283553076917
60.99222121348976,0.08450780153148008,0.20840558331582867
61.04404862509146,0.0816658972699848,0.1968110809530011
61.20033676658947,0.07540457337815815,0.15024517605021864
61.207434881864,0.0765913504768655,0.14530307403562287
61.27032346143341,0.08085998390671689,0.14313965960390135
61.29813983412024,0.08405780225687987,0.12388779331885968
61.33655553845741,0.08863824989749561,0.11743764706328888
61.35222872495855,0.08255877194046224,0.10545375953047353
61.3577633061625,0.08401939621909027,0.09069678611364806
61.465940540795536,0.0907696389933389,0.07329972501120047
61.5027265126509,0.09287362815094674,0.06948878195981306
61.53406056575668,0.08607609477090084,0.07331442628285795
61.54200609468992,0.0825801367901767,0.07513742991032786
61.54617529051474,0.07942671876719462,0.0768467411605323
61.54681021954836,0.07892758220584856,0.08299878598638755
61.62912545395836,0.08087509981313218,0.08653601853058773
61.63012798822518,0.08076967684908182,0.08669415978441691
61.66223773224594,0.08323573088563999,0.09076610985720239
61.67614693581971,0.08604223111790384,0.09502586787075307
61.724445426657525,0.08879956315987042,0.09249729349583392
61.72905203576618,0.08786401027691015,0.09926557566359973
61.756472630372215,0.08141952740965905,0.10230617021450014
61.82551464220249,0.07974675772905988,0.09689675050255037
61.83720319215799,0.07730440159242596,0.09542211616751559
61.85173858727944,0.06770047447943575,0.08877422350633662
61.89406316817033,0.06700250115695688,0.09088172309653145
61.93475564775645,0.06141921567020278,0.0899202379595874
61.951369687040525,0.06262215283837425,0.08946312008832455
61.95598963559057,0.06197817968710129,0.08920334945107834
61.97840432082531,0.060823375932664965,0.09548695073430756
61.9791688436214,0.06064993472802932,0.09462906569332674
62.01748243778552,0.0627707770024824,0.09630275493875262
62.042985603291456,0.062024181943736045,0.09560639207942484
62.0558269967844,0.06477243760930429,0.10206879015755888
62.10785452783214,0.06625364456014582,0.10446226489081734
62.171239631076965,0.06869509175766014,0.10262021411067002
62.21359320655369,0.06774885463331173,0.10882026580009918
62.23769191716333,0.06660625705226392,0.1048621402499198
62.256312212090045,0.06669416497096675,0.1053716196047646
62.26074479465723,0.06766031363595393,0.10548918060336426
62.30570006746367,0.06402421777982638,0.10021300105338316
62.3117030584106,0.06578496585497036,0.09663380176412217
62.333217855061136,0.06347698286181408,0.0943106187783386
62.35594911026663,0.060396444695236806,0.09477533396173896
62.41728659142857,0.06205205712886343,0.09568625455239316
62.43208686062432,0.06315464482174693,0.08992758305836579
62.472893694588834,0.06619031371370139,0.08272442190106136
62.4861571202918,0.07127510978384198,0.0827227854870076
62.51779682304195,0.06908710570965981,0.08287449267893646
62.57349552158905,0.06936835964442954,0.08595043094316851
62.67402947437944,0.08557782943412846,0.08470921331773767
62.69113962385117,0.0846331634009401,0.08417543304156022
62.70729799103207,0.08553095510921727,0.08380412968137751
62.72842773104623,0.084217920827859,0.08297197113538668
62.755288113040734,0.08206806159411256,0.07806236126827082
62.76312793476608,0.07985267928245368,0.07752491295042929
62.81861127858942,0.07987915785177424,0.07655462719099893
62.82228132432867,0.08186387967698344,0.0739381648311509
62.85596109630713,0.07803245233805856,0.0715838355723658
62.94534587058673,0.08256527169434924,0.07222588791966944
62.96292725665135,0.08634040499898951,0.0724216327995208
62.99766776346114,0.08420232978715736,0.07417683687938725
63.03416173935764,0.08442288038963502,0.07369400401550963
63.04546034633722,0.0809166167149285,0.07402372387865719
63.06640471564421,0.08323036409598616,0.07157985945240602
63.16647704217316,0.060851033788120706,0.0717008406717021
63.25841078411611,0.06636394768178083,0.07474161000736114
63.30822918549632,0.06217843232203346,0.07518356350393796
63.46265456288347,0.0723628611159641,0.07360038486309228
63.62386089031597,0.06889597144011961,0.07311856639098091
63.655866485256745,0.07329167081985949,0.07011588923717277
63.71366869348229,0.0789016535332516,0.0700980025409634
63.72556910700477,0.07773166012862331,0.069579463711535
63.82196571807282,0.06854811481580225,0.06870596880247937
63.88885360773777,0.06470155599487537,0.0690972141854993
63.96515705481553,0.06173818481543564,0.07036679691126033
64.04883379957879,0.06346247543324976,0.0702953902598317
64.08988727849915,0.05755406464797029,0.06409533559590963
64.10514831745753,0.056834108595328836,0.06738336988620186
64.12075863766194,0.057091986255672425,0.08116327680456378
64.14824090483967,0.04907941904654478,0.08449010773802293
64.32342060013563,0.05125067653821094,0.09228339433243238
64.3305701435135,0.04821283749628902,0.0931795715341769
64.3358626221322,0.045921991858579814,0.0991630271938092
64.34680464260065,0.04651181523862358,0.09865929155274866
64.34948833735615,0.047379897419340955,0.1035398474381991
64.37981786799128,0.05031475161637011,0.10890838664827263
64.38101492994834,0.05028593691865224,0.10972098034654976
64.41683282385007,0.05670195287794738,0.11122981420229082
64.44872854759775,0.055898758959314274,0.11119319850767719
64.49065621113178,0.059917753145210945,0.11482109185785272
64.52923913563316,0.061416881903537834,0.11494278873491948
64.66094446835493,0.0632358231207476,0.11569715722954725
64.67776968484915,0.05843869995334883,0.12024865046768629
64.69963302819657,0.05607825949565466,0.12308231842611705
64.71613402206444,0.06060814709259188,0.10997218842700218
64.73788037926502,0.05882295733623168,0.1128872256904252
65.05108626176641,0.07217395168269106,0.11361093751855245
65.05120169300169,0.07222308124204993,0.11651515423286174
65.053298045522,0.0731152953262863,0.1138936325882996
65.10757218071576,0.07016049139658137,0.11128722879228883
65.13316005699919,0.0690835327232448,0.11025821578599193
65.26068579452155,0.06944358141467977,0.10911704825527246
65.2702607705998,0.06712116652152145,0.10781782159003106
65.28743558152523,0.0623704875550799,0.10411121725115408
65.29462969874108,0.06192217965320901,0.09570924391994706
65.31003041957555,0.06401256835910822,0.09414090068751058
65.32799983703596,0.06687083946354216,0.0929016789059312
65.34713977838194,0.0737367527677728,0.0925099148074521
65.36164993552423,0.07408229135100475,0.09154709051411693
65.39380610487824,0.07458643038004326,0.08906838196753156
65.42926414342101,0.07919920436771977,0.08595136828248329
65.47909160353045,0.07435454383088988,0.08559771458499582
65.53994588905734,0.06941514828321241,0.08437514424633041
65.5461201890938,0.06966560689008715,0.08112425489082056
65.57071963517504,0.07130253418695692,0.08098459305950748
65.60917758242086,0.06820975924457093,0.07146247042754983
65.61294238766541,0.06743183406062483,0.06862964298233021
65.65573236543506,0.06884693653504573,0.06691572518353489
65.66135488624504,0.06548621297335827,0.06690899761045352
65.6614548890499,0.06542644396516073,0.06601854369354507
65.67463014299722,0.0634248927167568,0.06523583549251308
65.6792317614919,0.06319604317711579,0.06367154986680229
65.71043921588588,0.06106858314375205,0.06601296075654645
65.72452738806967,0.060748914537145385,0.06724458556330243
65.74534479618445,0.06459680187633071,0.0672290733048716
65.78705804221991,0.06211017442219674,0.07029893817926036
65.80819247569215,0.065972867872194,0.0757218729745282
66.26767810601865,0.07843290114675824,0.07657469934119199
66.53999896632125,0.07202620770964477,0.07623405522083984
67.95513718228659,0.06106597470149692,0.07608300895599238
68.51080485747065,0.07310779315359076,0.0759291485405364
68.53012398058124,0.08131723556336257,0.07532080358462143
69.4755962459053,0.08162324230997473,0.07802882972230052
69.60781238039789,0.08102546026247037,0.07796904061274373
70.41530560311091,0.06877617895251037,0.07647244275176637
70.53241150950248,0.06354187914296666,0.07776013899535592
71.5245040329524,0.061072381524071614,0.07843948553825059
72.08525431795815,0.0884567909016323,0.07867281283753343
73.385108405457,0.08079286252716389,0.08042792680966712
73.65720401651663,0.06021283264115762,0.08084612209897124
73.74929799612349,0.053795411459986425,0.08144807677943167
73.93515680764553,0.05395563877953001,0.08372184918578074
75.02950651893987,0.0646800996376064,0.08389985923829163
76.29562040349222,0.08592562915592443,0.08375428265263138
77.35862365345292,0.08037148491523194,0.08264466145576121
77.461029347639,0.07303156141166339,0.08601989708962157
77.78370729180044,0.06768492665082937,0.08643709942740177
78.5820202771956,0.058436460212264216,0.0864839145891668
79.01958847835391,0.06056034803679927,0.0851382798633398
79.18835621112466,0.0588730265002472,0.08709091217245868
79.51956194892357,0.05108457793960064,0.08808693008437363
79.5241527452872,0.04950051038577763,0.08796722300101328
81.26942255187598,0.06178060184784884,0.08813110620249792
81.27357583862762,0.06120711537465029,0.08882176944952352
81.30291353166871,0.055943141366772475,0.08962953665188786
81.73020357703574,0.05461128381751429,0.09267565903822621
82.02529952951535,0.07051796453114043,0.09378019288789097
82.34959192675935,0.07193477725725017,0.09435224522018629
83.18810327577742,0.06722571820840273,0.09395716359038489
83.3562323323351,0.07261142725015884,0.09595360695249233
83.50969149675606,0.07753980528612114,0.09855662120657638
83.527937050679,0.08105329107429238,0.09809780306745375
83.94381168747509,0.07619102810936844,0.09633246917346411
83.98295340469427,0.07612243900473736,0.09665028770540529
84.01889142444283,0.07908891981452626,0.09719332081184928
85.08608980782391,0.0869996971560068,0.09378929785651802
85.75203497259145,0.07906143879509542,0.09176235635598291
85.75654240083945,0.0799859817123117,0.09262909665676808
86.0841159786271,0.059484368778850216,0.09660634046082828
86.56684105402958,0.04825800521488294,0.09718939120482167
86.65776278303925,0.051826011253993276,0.09633546522418263
87.15390269513593,0.056361321125585895,0.09811358762618161
87.64316091797615,0.056586630361770474,0.10867219568547304
88.57944012603488,0.06202000373346275,0.1123487589475089
89.33262219315621,0.06052221524164947,0.11570428807286581
89.99209663718915,0.08135574734526174,0.11625421086549481
91.12476587292603,0.0971979824606542,0.1179543240060768
91.45640744810171,0.0893105303271372,0.12039638675707794
92.43657506388594,0.082231502732029,0.12005191626479977
94.35466309701404,0.06061135015021507,0.11936234266572932
94.44326925817016,0.06149874503513497,0.1193830421583782
94.62160815441138,0.060372091837562813,0.123185306392527
94.9996902625904,0.04794104529212942,0.12302582000347756
95.42197169027128,0.0474527281410696,0.12547302946931047
96.08867092613912,0.04514657713558723,0.13213674506808154
97.87904679413428,0.047669513251669765,0.132145752725666
99.08400927044175,0.07133470190075586,0.1304290706456514
99.24920007900886,0.0734000483480351,0.12958696893305488
99.59691895643093,0.06626540362211711,0.12959563619770798
99.80716128813972,0.06690094065554675,0.12930784809279947
100.66391414477212,0.06360641111628818,0.1332353896228367
101.02019792341216,0.06539591583783111,0.13366793586725
101.8325932787504,0.08153512928700518,0.14466339865713093
102.06682147206266,0.10101353769112492,0.14442546357305258
102.35906397828228,0.10568018723655703,0.14935127261182513
104.1304896599685,0.11135221306824694,0.1521094587870235
103.36182456597604,0.11257276300177203,0.1518296771108896
103.79116464469207,0.10194844257894009,0.15340612750387417
104.42607273552368,0.09618589372935836,0.1506825743765059
104.467602772823,0.09356984985673975,0.1505891596800661
104.79920424628877,0.09127133098704132,0.15124410484010767
105.34544818133875,0.08871334340991333,0.14987366255929563
105.48034102599983,0.08989273300029543,0.14990388625912804
109.48949547230576,0.07914850574182994,0.1515939584740542
109.51878172082118,0.080062386763878,0.15443967867632954
110.02959401239056,0.07807721697326964,0.15595386543437073
110.37969626043537,0.0842366022369706,0.15909879850250958
110.40160100710256,0.08346265708614864,0.15993623918637445
110.87782531280044,0.06946139755929509,0.1595921236791426
111.00047631034688,0.07153200795149961,0.15930514119126202
111.6366518678015,0.06934413778587546,0.17411791004607097
112.50473635741564,0.06999232791363005,0.17455558070314367
113.14066538289588,0.06476107654910324,0.17465680502814418
113.8058640206944,0.06346831990479107,0.17636019905157768
114.09337164754636,0.059319694044775995,0.18169845312496424
114.16034894338344,0.05862281684429189,0.18348514662132787
116.23776042132002,0.05124614122709957,0.18790334588744634
117.44967554500346,0.07244005483618127,0.18977612243331654
118.15745293996592,0.0681805900144877,0.1920993936670841
118.20582800897724,0.0722435633959222,0.19278934536684436
118.25809265599386,0.07464106542922838,0.2011775088836949
118.33199576368368,0.07778863859326918,0.20132492266008606
118.58979007958514,0.0762078711737233,0.19993522212970594
119.68754676899388,0.08073319403407739,0.19981540020855854
119.98588415385214,0.07372152311114033,0.1994808443544278
120.33896857370976,0.08529118287230791,0.2007705384424109
121.30495578967852,0.10208237030252368,0.2089033783352645
121.5827382511349,0.10147947020053147,0.21115407835390992
123.89730096485776,0.0995466896782362,0.21549133690643346
124.08092606285452,0.09609880106903423,0.2109673767442768
124.2467685233439,0.0987238934657155,0.2141780929612058
124.58309017951558,0.08222054659162986,0.21317586942109162
124.65392848981256,0.0775400565859524,0.2141335674128418
125.8627250615217,0.06352012289199788,0.21421244530669314
125.90105760416336,0.06136602698484145,0.21497070883254965
126.02237712364789,0.05990268295075743,0.2201747173679935
126.27546375837328,0.06171707607228716,0.21952008766254946
126.50893032830167,0.05717686917184711,0.2183887046169552
126.6202806388461,0.05533461424119834,0.21974069568894825
126.6558456246128,0.054953360827170616,0.2197340936975835
127.34989868046588,0.05832806187950494,0.2196861466333346
127.48225099062694,0.0672559294350853,0.2182568340076158
127.70527094914053,0.07046872858353403,0.2181509179006
127.7602668100174,0.07079855105718846,0.21573167879574107
128.21543735725746,0.06891488843779359,0.21281627946305134
128.2424243973595,0.0678062172711329,0.21445211948275816
128.30036630946486,0.06817745157708754,0.21392864284903923
128.3323904139652,0.06515600228458404,0.21404845944969142
128.3923834864664,0.06468860167567775,0.21410547847559086
128.42135800445342,0.0655549846433372,0.21414338241963854
128.92606013528143,0.05693670198445309,0.2366541801038689
129.11335514300387,0.0491749185777447,0.23755115147364714
129.51334565948812,0.044474321386643714,0.24132652298147858
130.28057544470354,0.050613739906508554,0.24519128779358462
130.8772435830224,0.04828041794717475,0.2728739440983306
131.38881433946008,0.06365178267991026,0.2876463430792515
131.77664761516235,0.06553854789765862,0.29064157998528917
132.26587964450584,0.06288914615541133,0.2950468472799519
133.0606732038202,0.06362709758333761,0.3124860424936172
133.1585677454769,0.06560450423568598,0.3196472345762231
133.2446707987694,0.06695252906912535,0.342281520006446
133.39794759035303,0.06268931411026356,0.3512311113397083
133.49439598744138,0.067989714142008,0.3676835899426789
133.5649383067396,0.06945506685254277,0.38685712852405507
133.93085416292445,0.07666959047937785,0.42260652051558645
133.9511541606735,0.07645277759676235,0.4244052918007837
134.44469697106578,0.07073447762217924,0.4314480056496765
134.86087223505072,0.05221943307720869,0.43962023029295183
135.77492110022038,0.0644591454371295,0.45624007078298856
135.9257699967598,0.0667771374301187,0.4748601416550561
136.21944315813514,0.0710129177167732,0.4824822895381189
136.63213172728726,0.08273538092785487,0.482820590963287
136.76308809365702,0.07818365490489454,0.47820866749995217
137.155428817825,0.0832257210325357,0.4605341053960514
137.19675536106217,0.08431716392027458,0.45495698784315197
137.81156148631442,0.07666236866599213,0.4455017342330593
138.0080000255866,0.07674872093643892,0.43973962139242495
138.21815068350082,0.08152322573637216,0.43612641317265005
138.56849792881246,0.09385319438403611,0.43511881329276464
138.5693268212801,0.09387286280786705,0.4318085600092827
139.29694232881306,0.07896231894362515,0.4284666227882162
139.42594987731934,0.07778973649510164,0.4249641240190304
139.7556358352425,0.07928006354482864,0.42321599365671875
140.30430433527383,0.08454580251716531,0.40096120852348494
140.57942768959438,0.07967867609889073,0.38388056668168075
140.59408348420922,0.08045683472571213,0.3662737431244449
141.22190057485358,0.080802264492663,0.36259355967934315
142.1060183044214,0.09210975150108586,0.3599670322178983
142.39578473410208,0.09610404095456249,0.34026455705902725
142.90483660619347,0.10313264980656023,0.3385608748875727
143.03283037276307,0.10389759202693119,0.3093481709472279
143.3169131963768,0.10775657691156751,0.30812383366191237
143.3839588711756,0.10649727590937841,0.2856101326670166
143.97740281840785,0.10835671992962098,0.28349119045826904
144.15957926709777,0.11116231320537566,0.28364179225957054
144.23435241565184,0.11278646739536491,0.2872805982140092
144.38063932095724,0.11482714820406059,0.28398644936289036
144.58595732555054,0.11817019698085407,0.2717153097162388
144.68724466440037,0.11453587455727,0.2712902906024576
144.7071091724138,0.11444788537554527,0.2472060936906128
144.88073303090292,0.11502726113664419,0.2478646141043045
145.02501199177982,0.11722237626622509,0.2481339243445786
145.20823422078254,0.11753912158447488,0.24030544249326702
146.09866427668467,0.10947524605410791,0.2356648207549652
146.42476089114234,0.10301099344538006,0.22021560353383346
146.67818772181778,0.0982627353165002,0.21657978873990535
146.71974708100566,0.0966505278844711,0.21155896594239015
148.4071784785684,0.0646212633082538,0.20330612273059223
148.58954810414102,0.06409414946678432,0.152385004830865
149.02034398517085,0.06287208765142115,0.13618638497055097
149.18023782476044,0.06292529725521956,0.1225377940889669
149.18677210096186,0.06280460897184886,0.1699643995266345
149.59758417574471,0.05783177446261867,0.1871397716153534
149.75637897573003,0.05836532072314532,0.136586933506049
